<?xml version="1.0" encoding="UTF-8"?><debit_credit_advice:debitCreditAdviceMessage xmlns:debit_credit_advice="urn:gs1:ecom:debit_credit_advice:xsd:3" xmlns:sh="http://www.unece.org/cefact/namespaces/StandardBusinessDocumentHeader" xmlns:xsi="http://www.w3.org/2001/XMLSchema-instance" xsi:schemaLocation="urn:gs1:ecom:debit_credit_advice:xsd:3 ../Schemas/gs1/ecom/DebitCreditAdvice.xsd">
	<sh:StandardBusinessDocumentHeader>
		<sh:HeaderVersion>1.0</sh:HeaderVersion>
		<sh:Sender>
			<sh:Identifier Authority="GS1">5412345000013</sh:Identifier>
			<sh:ContactInformation>
				<sh:Contact>John Doe</sh:Contact>
				<sh:EmailAddress>John_Doe@purchasing.XYZretailer.com</sh:EmailAddress>
				<sh:FaxNumber>+1-212-555-1213</sh:FaxNumber>
				<sh:TelephoneNumber>+1-212-555-2122</sh:TelephoneNumber>
				<sh:ContactTypeIdentifier>Buyer</sh:ContactTypeIdentifier>
			</sh:ContactInformation>
		</sh:Sender>
		<sh:Receiver>
			<sh:Identifier Authority="GS1">4098765000010</sh:Identifier>
			<sh:ContactInformation>
				<sh:Contact>Mary Smith</sh:Contact>
				<sh:EmailAddress>Mary_Smith@widgets.com</sh:EmailAddress>
				<sh:FaxNumber>+1-312-555-1214</sh:FaxNumber>
				<sh:TelephoneNumber>+1-312-555-2125</sh:TelephoneNumber>
				<sh:ContactTypeIdentifier>Seller</sh:ContactTypeIdentifier>
			</sh:ContactInformation>
		</sh:Receiver>
		<sh:DocumentIdentification>
			<sh:Standard>GS1</sh:Standard>
			<sh:TypeVersion>3.2</sh:TypeVersion>
			<sh:InstanceIdentifier>CR03001</sh:InstanceIdentifier>
			<sh:Type>Debit Credit Advice</sh:Type>
			<sh:MultipleType>false</sh:MultipleType>
			<sh:CreationDateAndTime>2011-04-13T11:00:01.000-05:00</sh:CreationDateAndTime>
		</sh:DocumentIdentification>
	</sh:StandardBusinessDocumentHeader>
    <debitCreditAdvice>
        <creationDateTime>2005-04-13T11:00:00.000-05:00</creationDateTime>
        <documentStatusCode>ORIGINAL</documentStatusCode>
        <debitCreditAdviceIdentification>
            <entityIdentification>CR03001</entityIdentification>
            <contentOwner>
                <gln>5412345000013</gln>
            </contentOwner>
        </debitCreditAdviceIdentification>
        <debitCreditIndicatorCode>CREDIT</debitCreditIndicatorCode>
        <totalAmount currencyCode="EUR">100</totalAmount>
        <additionalDebitCreditInstruction languageCode="en">Faulty products taken by Sales Representative</additionalDebitCreditInstruction>
        <buyer>
            <gln>5412345000013</gln>
        </buyer>
        <seller>
            <gln>4098765000010</gln>
        </seller>
        <debitCreditAdviceLineItem>
            <lineItemNumber>1</lineItemNumber>
            <adjustmentAmount currencyCode="EUR">100.00</adjustmentAmount>
            <debitCreditIndicatorCode>CREDIT</debitCreditIndicatorCode>
            <financialAdjustmentReasonCode>17</financialAdjustmentReasonCode>
            <transactionalReference>
                <entityIdentification>RA20051</entityIdentification>
                <creationDateTime>2011-04-13T11:45:00.000-05:00</creationDateTime>
                <transactionalReferenceTypeCode>ALO</transactionalReferenceTypeCode>
            </transactionalReference>
            <debitCreditAdviceLineItemDetail>
                <quantity measurementUnitCode="PCS">10</quantity>
                <tradeItemIdentification>
                    <gtin>40987650000223</gtin>
                </tradeItemIdentification>
            </debitCreditAdviceLineItemDetail>
        </debitCreditAdviceLineItem>
    </debitCreditAdvice>
</debit_credit_advice:debitCreditAdviceMessage>
